sample_id,file_path,meta_dataset_title,meta_id,meta_image_filename,meta_organ,meta_disease_state,meta_oncotree_code,meta_species,meta_patient,meta_st_technology,meta_data_publication_date,meta_license,meta_study_link,meta_download_page_link1,meta_inter_spot_dist,meta_spot_diameter,meta_spots_under_tissue,meta_preservation_method,meta_nb_genes,meta_treatment_comment,meta_pixel_size_um_embedded,meta_pixel_size_um_estimated,meta_magnification,meta_fullres_px_width,meta_fullres_px_height,meta_tissue,meta_disease_comment,meta_subseries,meta_hest_version_added
MEND41,..\hest_data\wsis\MEND41.tif,Genome-wide Spatial Expression Profiling in Formalin-fixed Tissues: Supplementary Data,MEND41,MEND41.tif,Lung,Healthy,,Homo sapiens,,Visium,8-Oct-21,CC BY 4.0,https://pubmed.ncbi.nlm.nih.gov/36776149/,https://data.mendeley.com/datasets/xjtv62ncwr/1,100.0,55.0,439,PFA fixed,33538,,,0.172334962468885,40x,47616,48128,lung,,V19D02-088_C1,v1_0_0
MEND45,..\hest_data\wsis\MEND45.tif,Genome-wide Spatial Expression Profiling in Formalin-fixed Tissues: Supplementary Data,MEND45,MEND45.tif,Lung,Healthy,,Homo sapiens,,Visium,8-Oct-21,CC BY 4.0,https://pubmed.ncbi.nlm.nih.gov/36776149/,https://data.mendeley.com/datasets/xjtv62ncwr/1,100.0,55.0,444,PFA fixed,33538,,,0.17263701456434,40x,47616,48128,lung,,V19D02-088_B1,v1_0_0
MEND47,..\hest_data\wsis\MEND47.tif,Genome-wide Spatial Expression Profiling in Formalin-fixed Tissues: Supplementary Data,MEND47,MEND47.tif,Lung,Healthy,,Homo sapiens,,Visium,8-Oct-21,CC BY 4.0,https://pubmed.ncbi.nlm.nih.gov/36776149/,https://data.mendeley.com/datasets/xjtv62ncwr/1,100.0,55.0,533,PFA fixed,33538,,,0.172512482107022,40x,47616,48128,lung,,V19D02-088_D1,v1_0_0
MEND51,..\hest_data\wsis\MEND51.tif,Genome-wide Spatial Expression Profiling in Formalin-fixed Tissues: Supplementary Data,MEND51,MEND51.tif,Lung,Healthy,,Homo sapiens,,Visium,8-Oct-21,CC BY 4.0,https://pubmed.ncbi.nlm.nih.gov/36776149/,https://data.mendeley.com/datasets/xjtv62ncwr/1,100.0,55.0,416,PFA fixed,33538,,,0.172116998796193,40x,47616,48128,lung,,V19D02-088_A1,v1_0_0
MEND52,..\hest_data\wsis\MEND52.tif,Genome-wide Spatial Expression Profiling in Formalin-fixed Tissues: Supplementary Data,MEND52,MEND52.tif,Lung,Diseased,,Homo sapiens,,Visium,8-Oct-21,CC BY 4.0,https://pubmed.ncbi.nlm.nih.gov/36776149/,https://data.mendeley.com/datasets/xjtv62ncwr/1,100.0,55.0,758,FFPE,33550,,,0.572493506919257,20x,14285,14438,lung,Covid19,V10F24-110_D1,v1_0_0
MEND85,..\hest_data\wsis\MEND85.tif,Spatially resolved transcriptomic profiling of degraded,MEND85,MEND85.tif,Lung,Healthy,,Homo sapiens,,Visium,20-Dec-22,CC BY 4.0,https://www.nature.com/articles/s41467-023-36071-5,https://data.mendeley.com/datasets/4w6krnywhn/1,100.0,55.0,2462,Fresh Frozen,36601,,,0.172018341554303,40x,47616,48128,lung,,V11A20-384_D1,v1_0_0
MEND86,..\hest_data\wsis\MEND86.tif,Spatially resolved transcriptomic profiling of degraded,MEND86,MEND86.tif,Lung,Healthy,,Homo sapiens,,Visium,20-Dec-22,CC BY 4.0,https://www.nature.com/articles/s41467-023-36071-5,https://data.mendeley.com/datasets/4w6krnywhn/1,100.0,55.0,3236,Fresh Frozen,36601,,,0.1720821943337,40x,46592,48128,lung,,V11A20-384_C1,v1_0_0
MEND87,..\hest_data\wsis\MEND87.tif,Spatially resolved transcriptomic profiling of degraded,MEND87,MEND87.tif,Lung,Healthy,,Homo sapiens,,Visium,20-Dec-22,CC BY 4.0,https://www.nature.com/articles/s41467-023-36071-5,https://data.mendeley.com/datasets/4w6krnywhn/1,100.0,55.0,1508,Fresh Frozen,36601,,,0.172199191305267,40x,48640,46592,lung,,V10T03-286_D1,v1_0_0
MEND88,..\hest_data\wsis\MEND88.tif,Spatially resolved transcriptomic profiling of degraded,MEND88,MEND88.tif,Lung,Healthy,,Homo sapiens,,Visium,20-Dec-22,CC BY 4.0,https://www.nature.com/articles/s41467-023-36071-5,https://data.mendeley.com/datasets/4w6krnywhn/1,100.0,55.0,986,Fresh Frozen,36601,,,0.172187393542097,40x,48640,46592,lung,,V10T03-286_B1,v1_0_0
MEND89,..\hest_data\wsis\MEND89.tif,Spatially resolved transcriptomic profiling of degraded,MEND89,MEND89.tif,Lung,Healthy,,Homo sapiens,,Visium,20-Dec-22,CC BY 4.0,https://www.nature.com/articles/s41467-023-36071-5,https://data.mendeley.com/datasets/4w6krnywhn/1,100.0,55.0,3712,Fresh Frozen,17943,,,0.172047941480717,40x,47616,48128,lung,,V10B01-037_B1,v1_0_0
MEND90,..\hest_data\wsis\MEND90.tif,Spatially resolved transcriptomic profiling of degraded,MEND90,MEND90.tif,Lung,Healthy,,Homo sapiens,,Visium,20-Dec-22,CC BY 4.0,https://www.nature.com/articles/s41467-023-36071-5,https://data.mendeley.com/datasets/4w6krnywhn/1,100.0,55.0,2726,Fresh Frozen,17943,,,0.172039785851711,40x,47616,48128,lung,,V10B01-037_A1,v1_0_0
MISC13,..\hest_data\wsis\MISC13.tif,A spatially resolved atlas of the human lung characterizes a gland-associated immune niche,MISC13,MISC13.tif,Lung,Treated,,Homo sapiens,   ,Visium,21-Dec-22,Creative Commons Attribution 4.0 International License,https://www.nature.com/articles/s41588-022-01243-4,https://explore.data.humancellatlas.org/projects/957261f7-2bd6-4358-a6ed-24ee080d5cfc,100.0,55.0,1768,FFPE,17922,,,0.455136156141542,40x,33264,18688,Trachea,,WSA_LngSP10972075,v1_0_0
MISC130,..\hest_data\wsis\MISC130.tif,Spatially resolved multiomics of human cardiac niches,MISC130,MISC130.tif,Heart,Healthy,,Homo sapiens,   ,Visium,,Creative Commons Attribution 4.0 International,https://www.nature.com/articles/s41586-023-06311-1#data-availability,https://www.heartcellatlas.org/,100.0,55.0,3533,FFPE,17922,,31.7500635,0.455373217336239,40x,17222,17629,sinoatrial node,,HCAHeartST11702008,v1_1_0
MISC131,..\hest_data\wsis\MISC131.tif,Spatially resolved multiomics of human cardiac niches,MISC131,MISC131.tif,Heart,Healthy,,Homo sapiens,   ,Visium,,Creative Commons Attribution 4.0 International,https://www.nature.com/articles/s41586-023-06311-1#data-availability,https://www.heartcellatlas.org/,100.0,55.0,2807,Fresh Frozen,33538,,31.7500635,0.442476258463259,40x,17721,18204,atrioventricular node,,HCAHeartST11350377,v1_1_0
MISC132,..\hest_data\wsis\MISC132.tif,Spatially resolved multiomics of human cardiac niches,MISC132,MISC132.tif,Heart,Healthy,,Homo sapiens,   ,Visium,,Creative Commons Attribution 4.0 International,https://www.nature.com/articles/s41586-023-06311-1#data-availability,https://www.heartcellatlas.org/,100.0,55.0,2843,Fresh Frozen,33538,,31.7500635,0.442477394822145,40x,17861,18159,interventricular septum,,HCAHeartST11350375,v1_1_0
MISC133,..\hest_data\wsis\MISC133.tif,Spatially resolved multiomics of human cardiac niches,MISC133,MISC133.tif,Heart,Healthy,,Homo sapiens,   ,Visium,,Creative Commons Attribution 4.0 International,https://www.nature.com/articles/s41586-023-06311-1#data-availability,https://www.heartcellatlas.org/,100.0,55.0,3153,Fresh Frozen,33538,,31.7500635,0.442134036736015,40x,17826,18163,atrioventricular node,,HCAHeartST11290662,v1_1_0
MISC134,..\hest_data\wsis\MISC134.tif,Spatially resolved multiomics of human cardiac niches,MISC134,MISC134.tif,Heart,Healthy,,Homo sapiens,   ,Visium,,Creative Commons Attribution 4.0 International,https://www.nature.com/articles/s41586-023-06311-1#data-availability,https://www.heartcellatlas.org/,100.0,55.0,2338,Fresh Frozen,33538,,31.7500635,0.441722145456507,40x,17772,18231,atrioventricular node,,HCAHeartST11290659,v1_1_0
MISC135,..\hest_data\wsis\MISC135.tif,Spatially resolved multiomics of human cardiac niches,MISC135,MISC135.tif,Heart,Healthy,,Homo sapiens,   ,Visium,,Creative Commons Attribution 4.0 International,https://www.nature.com/articles/s41586-023-06311-1#data-availability,https://www.heartcellatlas.org/,100.0,55.0,2697,Fresh Frozen,33538,,31.7500635,0.441863096359557,40x,17753,18250,atrioventricular node,,HCAHeartST11290658,v1_1_0
MISC136,..\hest_data\wsis\MISC136.tif,Spatially resolved multiomics of human cardiac niches,MISC136,MISC136.tif,Heart,Healthy,,Homo sapiens,   ,Visium,,Creative Commons Attribution 4.0 International,https://www.nature.com/articles/s41586-023-06311-1#data-availability,https://www.heartcellatlas.org/,100.0,55.0,2090,Fresh Frozen,33538,,31.7500635,0.441821902631525,40x,17955,18186,atrioventricular node,,HCAHeartST11290657,v1_1_0
MISC138,..\hest_data\wsis\MISC138.tif,Spatially resolved multiomics of human cardiac niches,MISC138,MISC138.tif,Heart,Healthy,,Homo sapiens,   ,Visium,,Creative Commons Attribution 4.0 International,https://www.nature.com/articles/s41586-023-06311-1#data-availability,https://www.heartcellatlas.org/,100.0,55.0,2199,Fresh Frozen,33538,,31.7500635,0.455486386246653,40x,17532,17473,interventricular septum,,HCAHeartST10550732,v1_1_0
MISC139,..\hest_data\wsis\MISC139.tif,Spatially resolved multiomics of human cardiac niches,MISC139,MISC139.tif,Heart,Healthy,,Homo sapiens,   ,Visium,,Creative Commons Attribution 4.0 International,https://www.nature.com/articles/s41586-023-06311-1#data-availability,https://www.heartcellatlas.org/,100.0,55.0,2562,Fresh Frozen,33538,,31.7500635,0.455580865603645,40x,17634,17674,heart right ventricle,,HCAHeartST10550730,v1_1_0
MISC14,..\hest_data\wsis\MISC14.tif,A spatially resolved atlas of the human lung characterizes a gland-associated immune niche,MISC14,MISC14.tif,Lung,Treated,,Homo sapiens,   ,Visium,21-Dec-22,Creative Commons Attribution 4.0 International License,https://www.nature.com/articles/s41588-022-01243-4,https://explore.data.humancellatlas.org/projects/957261f7-2bd6-4358-a6ed-24ee080d5cfc,100.0,55.0,1670,FFPE,17922,,,0.454544280620626,40x,33264,18688,Trachea,,WSA_LngSP10972074,v1_0_0
MISC140,..\hest_data\wsis\MISC140.tif,Spatially resolved multiomics of human cardiac niches,MISC140,MISC140.tif,Heart,Healthy,,Homo sapiens,   ,Visium,,Creative Commons Attribution 4.0 International,https://www.nature.com/articles/s41586-023-06311-1#data-availability,https://www.heartcellatlas.org/,100.0,55.0,2168,Fresh Frozen,33538,,31.7500635,0.455235183890837,40x,17802,18044,apical region of left ventricle,,HCAHeartST10238253,v1_1_0
MISC141,..\hest_data\wsis\MISC141.tif,Spatially resolved multiomics of human cardiac niches,MISC141,MISC141.tif,Heart,Healthy,,Homo sapiens,   ,Visium,,Creative Commons Attribution 4.0 International,https://www.nature.com/articles/s41586-023-06311-1#data-availability,https://www.heartcellatlas.org/,100.0,55.0,1702,Fresh Frozen,33538,,31.7500635,0.455062497,40x,17890,18098,left cardiac atrium,,HCAHeartST10238252,v1_1_0
MISC142,..\hest_data\wsis\MISC142.tif,Spatially resolved multiomics of human cardiac niches,MISC142,MISC142.tif,Heart,Healthy,,Homo sapiens,   ,Visium,,Creative Commons Attribution 4.0 International,https://www.nature.com/articles/s41586-023-06311-1#data-availability,https://www.heartcellatlas.org/,100.0,55.0,1302,Fresh Frozen,33538,,31.7500635,0.454958865343392,40x,18063,18100,right cardiac atrium,,HCAHeartST10238251,v1_1_0
MISC15,..\hest_data\wsis\MISC15.tif,A spatially resolved atlas of the human lung characterizes a gland-associated immune niche,MISC15,MISC15.tif,Lung,Treated,,Homo sapiens,   ,Visium,21-Dec-22,Creative Commons Attribution 4.0 International License,https://www.nature.com/articles/s41588-022-01243-4,https://explore.data.humancellatlas.org/projects/957261f7-2bd6-4358-a6ed-24ee080d5cfc,100.0,55.0,2501,FFPE,17922,,,0.455062571103527,40x,33264,18688,Bronchi,,WSA_LngSP10972073,v1_0_0
MISC16,..\hest_data\wsis\MISC16.tif,A spatially resolved atlas of the human lung characterizes a gland-associated immune niche,MISC16,MISC16.tif,Lung,Treated,,Homo sapiens,   ,Visium,21-Dec-22,Creative Commons Attribution 4.0 International License,https://www.nature.com/articles/s41588-022-01243-4,https://explore.data.humancellatlas.org/projects/957261f7-2bd6-4358-a6ed-24ee080d5cfc,100.0,55.0,3154,FFPE,17922,,,0.455150875944359,40x,33264,18688,Bronchi,,WSA_LngSP10972072,v1_0_0
MISC17,..\hest_data\wsis\MISC17.tif,A spatially resolved atlas of the human lung characterizes a gland-associated immune niche,MISC17,MISC17.tif,Lung,Treated,,Homo sapiens,   ,Visium,21-Dec-22,Creative Commons Attribution 4.0 International License,https://www.nature.com/articles/s41588-022-01243-4,https://explore.data.humancellatlas.org/projects/957261f7-2bd6-4358-a6ed-24ee080d5cfc,100.0,55.0,1084,Fresh Frozen,33538,,,0.441498683368384,40x,38240,21600,Bronchi,,WSA_LngSP10193348,v1_0_0
MISC18,..\hest_data\wsis\MISC18.tif,A spatially resolved atlas of the human lung characterizes a gland-associated immune niche,MISC18,MISC18.tif,Lung,Treated,,Homo sapiens,   ,Visium,21-Dec-22,Creative Commons Attribution 4.0 International License,https://www.nature.com/articles/s41588-022-01243-4,https://explore.data.humancellatlas.org/projects/957261f7-2bd6-4358-a6ed-24ee080d5cfc,100.0,55.0,2081,Fresh Frozen,33538,,,0.441607507187311,40x,35112,19720,Parenchyma,,WSA_LngSP10193347,v1_0_0
MISC19,..\hest_data\wsis\MISC19.tif,A spatially resolved atlas of the human lung characterizes a gland-associated immune niche,MISC19,MISC19.tif,Lung,Treated,,Homo sapiens,   ,Visium,21-Dec-22,Creative Commons Attribution 4.0 International License,https://www.nature.com/articles/s41588-022-01243-4,https://explore.data.humancellatlas.org/projects/957261f7-2bd6-4358-a6ed-24ee080d5cfc,100.0,55.0,2454,Fresh Frozen,33538,,,0.441456651488973,40x,35112,19720,Parenchyma,,WSA_LngSP10193346,v1_0_0
MISC20,..\hest_data\wsis\MISC20.tif,A spatially resolved atlas of the human lung characterizes a gland-associated immune niche,MISC20,MISC20.tif,Lung,Treated,,Homo sapiens,   ,Visium,21-Dec-22,Creative Commons Attribution 4.0 International License,https://www.nature.com/articles/s41588-022-01243-4,https://explore.data.humancellatlas.org/projects/957261f7-2bd6-4358-a6ed-24ee080d5cfc,100.0,55.0,3316,Fresh Frozen,33538,,,0.4380718287556,40x,35112,19720,Parenchyma,,WSA_LngSP10193345,v1_0_0
MISC21,..\hest_data\wsis\MISC21.tif,A spatially resolved atlas of the human lung characterizes a gland-associated immune niche,MISC21,MISC21.tif,Lung,Treated,,Homo sapiens,   ,Visium,21-Dec-22,Creative Commons Attribution 4.0 International License,https://www.nature.com/articles/s41588-022-01243-4,https://explore.data.humancellatlas.org/projects/957261f7-2bd6-4358-a6ed-24ee080d5cfc,100.0,55.0,2987,Fresh Frozen,33538,,,0.455926993,40x,32832,18432,Parenchyma,,WSA_LngSP9258469,v1_0_0
MISC22,..\hest_data\wsis\MISC22.tif,A spatially resolved atlas of the human lung characterizes a gland-associated immune niche,MISC22,MISC22.tif,Lung,Treated,,Homo sapiens,   ,Visium,21-Dec-22,Creative Commons Attribution 4.0 International License,https://www.nature.com/articles/s41588-022-01243-4,https://explore.data.humancellatlas.org/projects/957261f7-2bd6-4358-a6ed-24ee080d5cfc,100.0,55.0,2704,Fresh Frozen,33538,,,0.456575673386068,40x,32832,18432,Bronchi,,WSA_LngSP9258468,v1_0_0
MISC23,..\hest_data\wsis\MISC23.tif,A spatially resolved atlas of the human lung characterizes a gland-associated immune niche,MISC23,MISC23.tif,Lung,Treated,,Homo sapiens,   ,Visium,21-Dec-22,Creative Commons Attribution 4.0 International License,https://www.nature.com/articles/s41588-022-01243-4,https://explore.data.humancellatlas.org/projects/957261f7-2bd6-4358-a6ed-24ee080d5cfc,100.0,55.0,436,Fresh Frozen,33538,,,0.456100309130321,40x,32832,18432,Bronchi,,WSA_LngSP9258467,v1_0_0
MISC24,..\hest_data\wsis\MISC24.tif,A spatially resolved atlas of the human lung characterizes a gland-associated immune niche,MISC24,MISC24.tif,Lung,Treated,,Homo sapiens,   ,Visium,21-Dec-22,Creative Commons Attribution 4.0 International License,https://www.nature.com/articles/s41588-022-01243-4,https://explore.data.humancellatlas.org/projects/957261f7-2bd6-4358-a6ed-24ee080d5cfc,100.0,55.0,875,Fresh Frozen,33538,,,0.456008567285422,40x,32832,18432,Parenchyma,,WSA_LngSP9258466,v1_0_0
MISC25,..\hest_data\wsis\MISC25.tif,A spatially resolved atlas of the human lung characterizes a gland-associated immune niche,MISC25,MISC25.tif,Lung,Treated,,Homo sapiens,   ,Visium,21-Dec-22,Creative Commons Attribution 4.0 International License,https://www.nature.com/articles/s41588-022-01243-4,https://explore.data.humancellatlas.org/projects/957261f7-2bd6-4358-a6ed-24ee080d5cfc,100.0,55.0,2249,Fresh Frozen,33538,,,0.455728780340757,40x,32832,18432,Parenchyma,,WSA_LngSP9258465,v1_0_0
MISC26,..\hest_data\wsis\MISC26.tif,A spatially resolved atlas of the human lung characterizes a gland-associated immune niche,MISC26,MISC26.tif,Lung,Treated,,Homo sapiens,   ,Visium,21-Dec-22,Creative Commons Attribution 4.0 International License,https://www.nature.com/articles/s41588-022-01243-4,https://explore.data.humancellatlas.org/projects/957261f7-2bd6-4358-a6ed-24ee080d5cfc,100.0,55.0,2524,Fresh Frozen,33538,,,0.456158076229035,40x,32832,18432,Bronchi,,WSA_LngSP9258464,v1_0_0
MISC27,..\hest_data\wsis\MISC27.tif,A spatially resolved atlas of the human lung characterizes a gland-associated immune niche,MISC27,MISC27.tif,Lung,Treated,,Homo sapiens,   ,Visium,21-Dec-22,Creative Commons Attribution 4.0 International License,https://www.nature.com/articles/s41588-022-01243-4,https://explore.data.humancellatlas.org/projects/957261f7-2bd6-4358-a6ed-24ee080d5cfc,100.0,55.0,408,Fresh Frozen,33538,,,0.455864069622876,40x,32832,18432,Bronchi,,WSA_LngSP9258463,v1_0_0
MISC28,..\hest_data\wsis\MISC28.tif,A spatially resolved atlas of the human lung characterizes a gland-associated immune niche,MISC28,MISC28.tif,Lung,Treated,,Homo sapiens,   ,Visium,21-Dec-22,Creative Commons Attribution 4.0 International License,https://www.nature.com/articles/s41588-022-01243-4,https://explore.data.humancellatlas.org/projects/957261f7-2bd6-4358-a6ed-24ee080d5cfc,100.0,55.0,863,Fresh Frozen,33538,,,0.456204379562044,40x,32832,18432,Parenchyma,,WSA_LngSP9258462,v1_0_0
MISC29,..\hest_data\wsis\MISC29.tif,A spatially resolved atlas of the human lung characterizes a gland-associated immune niche,MISC29,MISC29.tif,Lung,Treated,,Homo sapiens,   ,Visium,21-Dec-22,Creative Commons Attribution 4.0 International License,https://www.nature.com/articles/s41588-022-01243-4,https://explore.data.humancellatlas.org/projects/957261f7-2bd6-4358-a6ed-24ee080d5cfc,100.0,55.0,2283,Fresh Frozen,33538,,,0.45572907,40x,16800,17136,Bronchi,,WSA_LngSP8759313,v1_0_0
MISC30,..\hest_data\wsis\MISC30.tif,A spatially resolved atlas of the human lung characterizes a gland-associated immune niche,MISC30,MISC30.tif,Lung,Treated,,Homo sapiens,   ,Visium,21-Dec-22,Creative Commons Attribution 4.0 International License,https://www.nature.com/articles/s41588-022-01243-4,https://explore.data.humancellatlas.org/projects/957261f7-2bd6-4358-a6ed-24ee080d5cfc,100.0,55.0,2729,Fresh Frozen,33538,,,0.456242183900128,40x,16464,17360,Bronchi,,WSA_LngSP8759312,v1_0_0
MISC31,..\hest_data\wsis\MISC31.tif,A spatially resolved atlas of the human lung characterizes a gland-associated immune niche,MISC31,MISC31.tif,Lung,Treated,,Homo sapiens,   ,Visium,21-Dec-22,Creative Commons Attribution 4.0 International License,https://www.nature.com/articles/s41588-022-01243-4,https://explore.data.humancellatlas.org/projects/957261f7-2bd6-4358-a6ed-24ee080d5cfc,100.0,55.0,2524,Fresh Frozen,33538,,,0.455926920042182,40x,16800,17064,Bronchi,,WSA_LngSP8759311,v1_0_0
MISC32,..\hest_data\wsis\MISC32.tif,A spatially resolved atlas of the human lung characterizes a gland-associated immune niche,MISC32,MISC32.tif,Lung,Treated,,Homo sapiens,   ,Visium,21-Dec-22,Creative Commons Attribution 4.0 International License,https://www.nature.com/articles/s41588-022-01243-4,https://explore.data.humancellatlas.org/projects/957261f7-2bd6-4358-a6ed-24ee080d5cfc,100.0,55.0,1928,Fresh Frozen,33538,,,0.456273764258555,40x,16800,17680,Trachea,,WSA_LngSP8759310,v1_0_0
NCBI534,..\hest_data\wsis\NCBI534.tif,Genome-wide Spatial Expression Profiling in Formalin-fixed Tissues,NCBI534,NCBI534.tif,Lung,Healthy,,Homo sapiens,,Visium,15-Oct-21,CC BY,https://pubmed.ncbi.nlm.nih.gov/36776149/,                                            ,100.0,55.0,533,PFA,33538,"Human embryonic stem cells were grown on vitronectin coated plates (1001-015, Life Technologies) and incubated with 0.5mM EDTA (Merck) at 37oC for 3 minutes for disaggregation. 100,000 cells/well were plated on a 24 multi-well plate coated with 5 Œºl/ml vitronectin and further incubated with supplemented Essential 8 Basal medium at 37oC overnight. The day after (day 0), cells were treated for 3 subsequent days in Advanced RPMI 1640 basal medium (ThermoFisher) supplemented with 8 ŒºM CHIR (Merck) and 1% Penicillin-Streptomycin and 1% of GlutaMAX TM (ThermoFisher). The medium was changed every day. From day 3 to 4, media were changed to Advanced RPMI supplemented with 200ng/ml FGF9 (Peprotech), 1 Œºg/ml heparin (Merck) and 10ng/ml activin A (Vitro). On day 4, cultures were rinsed twice with PBS, and resuspended in Advanced RPMI supplemented with 5 ŒºM CHIR, 200ng/ml FGF9 and 1 Œºg/ml Heparin. Cellular suspensions were seeded in V-shape 96 multi-well plate at a final concentration of 100,000 cells/well and centrifugated at 2000 rpm for 3 minutes. The resulting spheroids were incubated during 1h at 37¬∞C. Culture media was replaced by Advanced RPMI supplemented with 200ng/ml FGF9 and 1 Œºg/ml Heparin for 7 additional days, the media was changed every second day. From day 11 to 16, developing organoids were incubated only in the presence of Advanced RPMI, the media was every second day.",,0.172512482107022,40x,47616,48128,Lung,,PFA fixed lung_organoid_4,v1_0_0
NCBI535,..\hest_data\wsis\NCBI535.tif,Genome-wide Spatial Expression Profiling in Formalin-fixed Tissues,NCBI535,NCBI535.tif,Lung,Treated,,Homo sapiens,,Visium,15-Oct-21,CC BY,https://pubmed.ncbi.nlm.nih.gov/36776149/,                                            ,100.0,55.0,439,PFA,33538,"Human embryonic stem cells were grown on vitronectin coated plates (1001-015, Life Technologies) and incubated with 0.5mM EDTA (Merck) at 37oC for 3 minutes for disaggregation. 100,000 cells/well were plated on a 24 multi-well plate coated with 5 Œºl/ml vitronectin and further incubated with supplemented Essential 8 Basal medium at 37oC overnight. The day after (day 0), cells were treated for 3 subsequent days in Advanced RPMI 1640 basal medium (ThermoFisher) supplemented with 8 ŒºM CHIR (Merck) and 1% Penicillin-Streptomycin and 1% of GlutaMAX TM (ThermoFisher). The medium was changed every day. From day 3 to 4, media were changed to Advanced RPMI supplemented with 200ng/ml FGF9 (Peprotech), 1 Œºg/ml heparin (Merck) and 10ng/ml activin A (Vitro). On day 4, cultures were rinsed twice with PBS, and resuspended in Advanced RPMI supplemented with 5 ŒºM CHIR, 200ng/ml FGF9 and 1 Œºg/ml Heparin. Cellular suspensions were seeded in V-shape 96 multi-well plate at a final concentration of 100,000 cells/well and centrifugated at 2000 rpm for 3 minutes. The resulting spheroids were incubated during 1h at 37¬∞C. Culture media was replaced by Advanced RPMI supplemented with 200ng/ml FGF9 and 1 Œºg/ml Heparin for 7 additional days, the media was changed every second day. From day 11 to 16, developing organoids were incubated only in the presence of Advanced RPMI, the media was every second day.",,0.172334962468885,40x,47616,48128,Lung,,PFA fixed lung_organoid_3,v1_0_0
NCBI536,..\hest_data\wsis\NCBI536.tif,Genome-wide Spatial Expression Profiling in Formalin-fixed Tissues,NCBI536,NCBI536.tif,Lung,Treated,,Homo sapiens,,Visium,15-Oct-21,CC BY,https://pubmed.ncbi.nlm.nih.gov/36776149/,                                            ,100.0,55.0,444,PFA,33538,"Human embryonic stem cells were grown on vitronectin coated plates (1001-015, Life Technologies) and incubated with 0.5mM EDTA (Merck) at 37oC for 3 minutes for disaggregation. 100,000 cells/well were plated on a 24 multi-well plate coated with 5 Œºl/ml vitronectin and further incubated with supplemented Essential 8 Basal medium at 37oC overnight. The day after (day 0), cells were treated for 3 subsequent days in Advanced RPMI 1640 basal medium (ThermoFisher) supplemented with 8 ŒºM CHIR (Merck) and 1% Penicillin-Streptomycin and 1% of GlutaMAX TM (ThermoFisher). The medium was changed every day. From day 3 to 4, media were changed to Advanced RPMI supplemented with 200ng/ml FGF9 (Peprotech), 1 Œºg/ml heparin (Merck) and 10ng/ml activin A (Vitro). On day 4, cultures were rinsed twice with PBS, and resuspended in Advanced RPMI supplemented with 5 ŒºM CHIR, 200ng/ml FGF9 and 1 Œºg/ml Heparin. Cellular suspensions were seeded in V-shape 96 multi-well plate at a final concentration of 100,000 cells/well and centrifugated at 2000 rpm for 3 minutes. The resulting spheroids were incubated during 1h at 37¬∞C. Culture media was replaced by Advanced RPMI supplemented with 200ng/ml FGF9 and 1 Œºg/ml Heparin for 7 additional days, the media was changed every second day. From day 11 to 16, developing organoids were incubated only in the presence of Advanced RPMI, the media was every second day.",,0.17263701456434,40x,47616,48128,Lung,,PFA fixed lung_organoid_2,v1_0_0
NCBI537,..\hest_data\wsis\NCBI537.tif,Genome-wide Spatial Expression Profiling in Formalin-fixed Tissues,NCBI537,NCBI537.tif,Lung,Treated,,Homo sapiens,,Visium,15-Oct-21,CC BY,https://pubmed.ncbi.nlm.nih.gov/36776149/,                                            ,100.0,55.0,416,PFA,33538,"Human embryonic stem cells were grown on vitronectin coated plates (1001-015, Life Technologies) and incubated with 0.5mM EDTA (Merck) at 37oC for 3 minutes for disaggregation. 100,000 cells/well were plated on a 24 multi-well plate coated with 5 Œºl/ml vitronectin and further incubated with supplemented Essential 8 Basal medium at 37oC overnight. The day after (day 0), cells were treated for 3 subsequent days in Advanced RPMI 1640 basal medium (ThermoFisher) supplemented with 8 ŒºM CHIR (Merck) and 1% Penicillin-Streptomycin and 1% of GlutaMAX TM (ThermoFisher). The medium was changed every day. From day 3 to 4, media were changed to Advanced RPMI supplemented with 200ng/ml FGF9 (Peprotech), 1 Œºg/ml heparin (Merck) and 10ng/ml activin A (Vitro). On day 4, cultures were rinsed twice with PBS, and resuspended in Advanced RPMI supplemented with 5 ŒºM CHIR, 200ng/ml FGF9 and 1 Œºg/ml Heparin. Cellular suspensions were seeded in V-shape 96 multi-well plate at a final concentration of 100,000 cells/well and centrifugated at 2000 rpm for 3 minutes. The resulting spheroids were incubated during 1h at 37¬∞C. Culture media was replaced by Advanced RPMI supplemented with 200ng/ml FGF9 and 1 Œºg/ml Heparin for 7 additional days, the media was changed every second day. From day 11 to 16, developing organoids were incubated only in the presence of Advanced RPMI, the media was every second day.",,0.172116998796193,40x,47616,48128,Lung,,PFA fixed lung_organoid_1,v1_0_0
NCBI727,..\hest_data\wsis\NCBI727.tif,Epithelial Plasticity and Innate Immune Activation Promote Lung Tissue Remodeling following Respiratory Viral Infection.,NCBI727,NCBI727.tif,Lung,Diseased,,Mus musculus,,Visium,8-Aug-23,,https://www.nature.com/articles/s41467-023-41387-3,                                            ,100.0,55.0,1899,Fresh Frozen,32285,,0.491000018756201,0.489547895,40x,18035,17103,Lung, 14 days postPR8-infected,R3_Spatial,v1_0_0
NCBI856,..\hest_data\wsis\NCBI856.tif,Image-based spatial transcriptomics identifies molecular niche dysregulation associated with distal lung remodeling in pulmonary fibrosis,NCBI856,NCBI856.tif,Lung,Diseased,,Homo sapiens,Patient 26,Xenium,23-Dec-23,,https://www.biorxiv.org/content/10.1101/2023.12.15.571954v2,https://www.ncbi.nlm.nih.gov/geo/query/acc.cgi?acc=GSE250346,,,1607,FFPE,541,,0.212500015937501,0.2125,40x,17136,24809,Lung,Sarcoidosis Less fibrotic,VUILD96LF,v1_1_0
NCBI857,..\hest_data\wsis\NCBI857.tif,Image-based spatial transcriptomics identifies molecular niche dysregulation associated with distal lung remodeling in pulmonary fibrosis,NCBI857,NCBI857.tif,Lung,Diseased,,Homo sapiens,Patient 25,Xenium,23-Dec-23,,https://www.biorxiv.org/content/10.1101/2023.12.15.571954v2,https://www.ncbi.nlm.nih.gov/geo/query/acc.cgi?acc=GSE250346,,,1767,FFPE,541,,0.212500015937501,0.2125,40x,19964,24815,Lung,Sarcoidosis More fibrotic,VUILD96MF,v1_1_0
NCBI858,..\hest_data\wsis\NCBI858.tif,Image-based spatial transcriptomics identifies molecular niche dysregulation associated with distal lung remodeling in pulmonary fibrosis,NCBI858,NCBI858.tif,Lung,Diseased,,Homo sapiens,Patient 24,Xenium,23-Dec-23,,https://www.biorxiv.org/content/10.1101/2023.12.15.571954v2,https://www.ncbi.nlm.nih.gov/geo/query/acc.cgi?acc=GSE250346,,,837,FFPE,541,,0.212500015937501,0.2125,40x,14306,12484,Lung,IPF Less fibrotic,VUILD91LF,v1_1_0
NCBI859,..\hest_data\wsis\NCBI859.tif,Image-based spatial transcriptomics identifies molecular niche dysregulation associated with distal lung remodeling in pulmonary fibrosis,NCBI859,NCBI859.tif,Lung,Diseased,,Homo sapiens,Patient 23,Xenium,23-Dec-23,,https://www.biorxiv.org/content/10.1101/2023.12.15.571954v2,https://www.ncbi.nlm.nih.gov/geo/query/acc.cgi?acc=GSE250346,,,1116,FFPE,541,,0.212500015937501,0.2125,40x,17140,16592,Lung,IPF More fibrotic,VUILD91MF,v1_1_0
NCBI860,..\hest_data\wsis\NCBI860.tif,Image-based spatial transcriptomics identifies molecular niche dysregulation associated with distal lung remodeling in pulmonary fibrosis,NCBI860,NCBI860.tif,Lung,Diseased,,Homo sapiens,Patient 22,Xenium,23-Dec-23,,https://www.biorxiv.org/content/10.1101/2023.12.15.571954v2,https://www.ncbi.nlm.nih.gov/geo/query/acc.cgi?acc=GSE250346,,,1282,FFPE,541,,0.212500015937501,0.2125,40x,19969,16597,Lung,IPAF Less fibrotic,VUILD78LF,v1_1_0
NCBI861,..\hest_data\wsis\NCBI861.tif,Image-based spatial transcriptomics identifies molecular niche dysregulation associated with distal lung remodeling in pulmonary fibrosis,NCBI861,NCBI861.tif,Lung,Diseased,,Homo sapiens,Patient 21,Xenium,23-Dec-23,,https://www.biorxiv.org/content/10.1101/2023.12.15.571954v2,https://www.ncbi.nlm.nih.gov/geo/query/acc.cgi?acc=GSE250346,,,1121,FFPE,541,,0.212500015937501,0.2125,40x,17137,16596,Lung,IPAF More fibrotic,VUILD78MF,v1_1_0
NCBI864,..\hest_data\wsis\NCBI864.tif,Image-based spatial transcriptomics identifies molecular niche dysregulation associated with distal lung remodeling in pulmonary fibrosis,NCBI864,NCBI864.tif,Lung,Diseased,,Homo sapiens,Patient 18,Xenium,23-Dec-23,,https://www.biorxiv.org/content/10.1101/2023.12.15.571954v2,https://www.ncbi.nlm.nih.gov/geo/query/acc.cgi?acc=GSE250346,,,2917,FFPE,541,,0.212500015937501,0.2125,40x,25624,33047,Lung,cHP Intermediate,VUILD115,v1_1_0
NCBI865,..\hest_data\wsis\NCBI865.tif,Image-based spatial transcriptomics identifies molecular niche dysregulation associated with distal lung remodeling in pulmonary fibrosis,NCBI865,NCBI865.tif,Lung,Diseased,,Homo sapiens,Patient 17,Xenium,23-Dec-23,,https://www.biorxiv.org/content/10.1101/2023.12.15.571954v2,https://www.ncbi.nlm.nih.gov/geo/query/acc.cgi?acc=GSE250346,,,3062,FFPE,541,,0.212500015937501,0.2125,40x,28454,28935,Lung,CTD-ILD Intermediate,VUILD110,v1_1_0
NCBI866,..\hest_data\wsis\NCBI866.tif,Image-based spatial transcriptomics identifies molecular niche dysregulation associated with distal lung remodeling in pulmonary fibrosis,NCBI866,NCBI866.tif,Lung,Diseased,,Homo sapiens,Patient 16,Xenium,23-Dec-23,,https://www.biorxiv.org/content/10.1101/2023.12.15.571954v2,https://www.ncbi.nlm.nih.gov/geo/query/acc.cgi?acc=GSE250346,,,1604,FFPE,541,,0.212500015937501,0.2125,40x,19966,20710,Lung,IPF More fibrotic,VUILD107MF,v1_1_0
NCBI867,..\hest_data\wsis\NCBI867.tif,Image-based spatial transcriptomics identifies molecular niche dysregulation associated with distal lung remodeling in pulmonary fibrosis,NCBI867,NCBI867.tif,Lung,Diseased,,Homo sapiens,Patient 15,Xenium,23-Dec-23,,https://www.biorxiv.org/content/10.1101/2023.12.15.571954v2,https://www.ncbi.nlm.nih.gov/geo/query/acc.cgi?acc=GSE250346,,,3499,FFPE,541,,0.212500015937501,0.2125,40x,28462,33048,Lung,IPF Intermediate,VUILD106,v1_1_0
NCBI870,..\hest_data\wsis\NCBI870.tif,Image-based spatial transcriptomics identifies molecular niche dysregulation associated with distal lung remodeling in pulmonary fibrosis,NCBI870,NCBI870.tif,Lung,Diseased,,Homo sapiens,Patient 12,Xenium,23-Dec-23,,https://www.biorxiv.org/content/10.1101/2023.12.15.571954v2,https://www.ncbi.nlm.nih.gov/geo/query/acc.cgi?acc=GSE250346,,,1073,FFPE,541,,0.212500015937501,0.2125,40x,17135,16593,Lung,IPF More fibrotic,VUILD105MF,v1_1_0
NCBI873,..\hest_data\wsis\NCBI873.tif,Image-based spatial transcriptomics identifies molecular niche dysregulation associated with distal lung remodeling in pulmonary fibrosis,NCBI873,NCBI873.tif,Lung,Diseased,,Homo sapiens,Patient 9,Xenium,23-Dec-23,,https://www.biorxiv.org/content/10.1101/2023.12.15.571954v2,https://www.ncbi.nlm.nih.gov/geo/query/acc.cgi?acc=GSE250346,,,1484,FFPE,541,,0.212500015937501,0.2125,40x,17134,20714,Lung,IPF Less fibrotic,VUILD102LF,v1_1_0
NCBI875,..\hest_data\wsis\NCBI875.tif,Image-based spatial transcriptomics identifies molecular niche dysregulation associated with distal lung remodeling in pulmonary fibrosis,NCBI875,NCBI875.tif,Lung,Healthy,,Homo sapiens,Patient 7,Xenium,23-Dec-23,,https://www.biorxiv.org/content/10.1101/2023.12.15.571954v2,https://www.ncbi.nlm.nih.gov/geo/query/acc.cgi?acc=GSE250346,,,999,FFPE,541,,0.212500015937501,0.2125,40x,17132,12491,Lung,Control,VUHD116B,v1_1_0
NCBI876,..\hest_data\wsis\NCBI876.tif,Image-based spatial transcriptomics identifies molecular niche dysregulation associated with distal lung remodeling in pulmonary fibrosis,NCBI876,NCBI876.tif,Lung,Healthy,,Homo sapiens,Patient 7,Xenium,23-Dec-23,,https://www.biorxiv.org/content/10.1101/2023.12.15.571954v2,https://www.ncbi.nlm.nih.gov/geo/query/acc.cgi?acc=GSE250346,,,1062,FFPE,541,,0.212500015937501,0.2125,40x,14301,16598,Lung,Control,VUHD116A,v1_1_0
NCBI879,..\hest_data\wsis\NCBI879.tif,Image-based spatial transcriptomics identifies molecular niche dysregulation associated with distal lung remodeling in pulmonary fibrosis,NCBI879,NCBI879.tif,Lung,Healthy,,Homo sapiens,Patient 4,Xenium,23-Dec-23,,https://www.biorxiv.org/content/10.1101/2023.12.15.571954v2,https://www.ncbi.nlm.nih.gov/geo/query/acc.cgi?acc=GSE250346,,,1017,FFPE,541,,0.212500015937501,0.2125,40x,14312,16598,Lung,Control,VUHD069,v1_1_0
NCBI880,..\hest_data\wsis\NCBI880.tif,Image-based spatial transcriptomics identifies molecular niche dysregulation associated with distal lung remodeling in pulmonary fibrosis,NCBI880,NCBI880.tif,Lung,Diseased,,Homo sapiens,Patient 3,Xenium,23-Dec-23,,https://www.biorxiv.org/content/10.1101/2023.12.15.571954v2,https://www.ncbi.nlm.nih.gov/geo/query/acc.cgi?acc=GSE250346,,,1168,FFPE,541,,0.212500015937501,0.2125,40x,17141,16594,Lung,IPF Intermediate,TILD175,v1_1_0
NCBI881,..\hest_data\wsis\NCBI881.tif,Image-based spatial transcriptomics identifies molecular niche dysregulation associated with distal lung remodeling in pulmonary fibrosis,NCBI881,NCBI881.tif,Lung,Diseased,,Homo sapiens,Patient 2,Xenium,23-Dec-23,,https://www.biorxiv.org/content/10.1101/2023.12.15.571954v2,https://www.ncbi.nlm.nih.gov/geo/query/acc.cgi?acc=GSE250346,,,1392,FFPE,541,,0.212500015937501,0.2125,40x,19973,16596,Lung,ILD Less fibrotic,TILD117LF,v1_1_0
NCBI882,..\hest_data\wsis\NCBI882.tif,Image-based spatial transcriptomics identifies molecular niche dysregulation associated with distal lung remodeling in pulmonary fibrosis,NCBI882,NCBI882.tif,Lung,Diseased,,Homo sapiens,Patient 1,Xenium,23-Dec-23,,https://www.biorxiv.org/content/10.1101/2023.12.15.571954v2,https://www.ncbi.nlm.nih.gov/geo/query/acc.cgi?acc=GSE250346,,,1435,FFPE,541,,0.212500015937501,0.2125,40x,17141,20708,Lung,ILD More fibrotic,TILD117MF,v1_1_0
NCBI883,..\hest_data\wsis\NCBI883.tif,Image-based spatial transcriptomics identifies molecular niche dysregulation associated with distal lung remodeling in pulmonary fibrosis,NCBI883,NCBI883.tif,Lung,Healthy,,Homo sapiens,Patient 28,Xenium,23-Dec-23,,https://www.biorxiv.org/content/10.1101/2023.12.15.571954v2,https://www.ncbi.nlm.nih.gov/geo/query/acc.cgi?acc=GSE250346,,,1277,FFPE,541,,0.212500015937501,0.2125,40x,17145,16597,Lung,Control,THD0011,v1_1_0
NCBI884,..\hest_data\wsis\NCBI884.tif,Image-based spatial transcriptomics identifies molecular niche dysregulation associated with distal lung remodeling in pulmonary fibrosis,NCBI884,NCBI884.tif,Lung,Healthy,,Homo sapiens,Patient 27,Xenium,23-Dec-23,,https://www.biorxiv.org/content/10.1101/2023.12.15.571954v2,https://www.ncbi.nlm.nih.gov/geo/query/acc.cgi?acc=GSE250346,,,2504,FFPE,541,,0.212500015937501,0.2125,40x,25630,28964,Lung,Control,THD0008,v1_1_0
TENX118,..\hest_data\wsis\TENX118.tif,Preview Data: FFPE Human Lung Cancer with Xenium Multimodal Cell Segmentation,TENX118,TENX118.tif,Lung,Cancer,LUAD,Homo sapiens,patient 2,Xenium,2/5/24,Creative Commons Attribution,,https://www.10xgenomics.com/datasets/preview-data-ffpe-human-lung-cancer-with-xenium-multimodal-cell-segmentation-1-standard,,,3115,FFPE,541,,0.273771219630798,0.273855837686545,40x,11580,45087,Lung,,,v1_0_0
TENX141,..\hest_data\wsis\TENX141.tif,FFPE Human Lung Cancer Data with Human Immuno-Oncology Profiling Panel and Custom Add-on,TENX141,TENX141.tif,Lung,Cancer,LUAD,Homo sapiens,patient 1,Xenium,5/15/24,Creative Commons Attribution,,https://www.10xgenomics.com/datasets/ffpe-human-lung-cancer-data-with-human-immuno-oncology-profiling-panel-and-custom-add-on-1-standard,,,4390,FFPE,541,,0.273771534,0.273643086791955,40x,15513,39361,Lung,Lung NSCLC; Stage I-B; Grade 2,,v1_0_0
TENX163,..\hest_data\wsis\TENX163.tif,"Visium HD Spatial Gene Expression Library, Human Lung Cancer (Fixed Frozen)",TENX163,TENX163.tif,Lung,Cancer,LUAD,Homo sapiens,,Visium HD,2024-09-17,Creative Commons Attribution,,https://www.10xgenomics.com/datasets/visium-hd-cytassist-gene-expression-human-lung-cancer-fixed-frozen,2.0,2.0,2487,Fixed Frozen,18085,,0.264583333333333,0.273716933152281,40x,54639,29814,Lung,,,v1_2_0
TENX167,..\hest_data\wsis\TENX167.tif,"Visium HD Spatial Gene Expression Library, Mouse Lung (Fresh Frozen)",TENX167,TENX167.tif,Lung,Healthy,,Mus musculus,,Visium HD,2024-09-17,Creative Commons Attribution,,https://www.10xgenomics.com/datasets/visium-hd-cytassist-gene-expression-mouse-lung-fresh-frozen,2.0,2.0,2486,Fresh Frozen,19059,,0.264583333333333,0.273769464129103,40x,38362,59538,Lung,,,v1_2_0
TENX168,..\hest_data\wsis\TENX168.tif,"Visium HD Spatial Gene Expression Libraries, Post-Xenium, Human Lung Cancer (FFPE)",TENX168,TENX168.tif,Lung,Cancer,LUAD,Homo sapiens,,Visium HD,2024-09-24,Creative Commons Attribution,,https://www.10xgenomics.com/datasets/visium-hd-cytassist-gene-expression-human-lung-cancer-post-xenium-expt,2.0,2.0,1952,FFPE,18085,,0.264583333333333,0.273755424119274,40x,25625,43630,Lung,,"Experiment 1, HD only (control)",v1_2_0
TENX169,..\hest_data\wsis\TENX169.tif,"Visium HD Spatial Gene Expression Libraries, Post-Xenium, Human Lung Cancer (FFPE)",TENX169,TENX169.tif,Lung,Cancer,LUAD,Homo sapiens,,Visium HD,2024-09-24,Creative Commons Attribution,,https://www.10xgenomics.com/datasets/visium-hd-cytassist-gene-expression-human-lung-cancer-post-xenium-expt,2.0,2.0,1897,FFPE,18085,,0.264583333333333,0.273687496942159,40x,25078,43448,Lung,,"Experiment 1, post-Xenium v1",v1_2_0
TENX170,..\hest_data\wsis\TENX170.tif,"Visium HD Spatial Gene Expression Libraries, Post-Xenium, Human Lung Cancer (FFPE)",TENX170,TENX170.tif,Lung,Cancer,LUAD,Homo sapiens,,Visium HD,2024-09-24,Creative Commons Attribution,,https://www.10xgenomics.com/datasets/visium-hd-cytassist-gene-expression-human-lung-cancer-post-xenium-expt,2.0,2.0,1877,FFPE,18085,,0.264583333333333,0.27381161527725,40x,25078,43266,Lung,,"Experiment 2, HD only (control)",v1_2_0
TENX171,..\hest_data\wsis\TENX171.tif,"Visium HD Spatial Gene Expression Libraries, Post-Xenium, Human Lung Cancer (FFPE)",TENX171,TENX171.tif,Lung,Cancer,LUAD,Homo sapiens,,Visium HD,2024-09-24,Creative Commons Attribution,,https://www.10xgenomics.com/datasets/visium-hd-cytassist-gene-expression-human-lung-cancer-post-xenium-expt,2.0,2.0,1774,FFPE,18085,,0.264583333333333,0.273696892898189,40x,26720,43270,Lung,,"Experiment 2, post-Xenium Prime 5K",v1_2_0
TENX62,..\hest_data\wsis\TENX62.tif,Human Lung Cancer (FFPE),TENX62,TENX62.tif,Lung,Cancer,LUSC,Homo sapiens,,Visium,7/13/22,Creative Commons Attribution,,https://www.10xgenomics.com/datasets/human-lung-cancer-ffpe-2-standard,100.0,55.0,3858,FFPE,18085,,0.264583333333333,0.27330518698616,40x,35637,29395,Lung,"Lung, Squamous Cell Carcinoma",,v1_0_0
TENX72,..\hest_data\wsis\TENX72.tif,"Human Lung Cancer, 11 mm Capture Area (FFPE)",TENX72,TENX72.tif,Lung,Cancer,LNET,Homo sapiens,,Visium,2/14/23,Creative Commons Attribution,,https://www.10xgenomics.com/datasets/human-lung-cancer-11-mm-capture-area-ffpe-2-standard,100.0,55.0,6195,FFPE,18085,,0.264583333333333,0.273711234884543,40x,38510,32875,Lung,Neuroendocrine Carcinoma either ALUCA of LUCA,,v1_0_0
